{"critic/returns/mean":-0.0026117777451872826,"perf/max_memory_allocated_gb":28.033195972442627,"timing_s/generate_sequences":13.30173110961914,"prompt_length/mean":461.125,"training/rollout_probs_diff_std":0.06520906835794449,"perf/mfu/actor":0.17258007819169766,"actor/grad_norm":1.1404653787612915,"critic/rewards/max":1,"critic/returns/max":2.4748659133911133,"critic/advantages/max":2.4748659133911133,"response_length/min":56,"global_seqlen/mean":79221,"critic/score/mean":0.6299804449081421,"critic/advantages/mean":-0.0026117777451872826,"timing_per_token_ms/gen":0.11622690709848037,"actor/pg_clipfrac_lower":0,"perf/cpu_memory_used_gb":119.82640838623047,"prompt_length/clip_ratio":0,"timing_s/adv":0.01929556205868721,"_timestamp":1.7539536953839736e+09,"timing_s/gen":18.779478741344064,"actor/lr":1e-06,"critic/returns/min":-2.474865674972534,"critic/score/min":0.10000000149011612,"timing_s/reshard":4.044948101043701,"perf/max_memory_reserved_gb":54.314453125,"actor/kl_coef":0.01,"timing_per_token_ms/adv":3.044578151419322e-05,"prompt_length/min":434,"timing_per_token_ms/update_actor":0.03468233077183415,"timing_s/ref":7.109085498843342,"response_length/clip_ratio":0,"_runtime":1732.279975991,"prompt_length/max":494,"timing_s/dump_rollout_generations":0.35028581228107214,"global_seqlen/minmax_diff":1402,"actor/pg_loss":0.025627030321629718,"training/rollout_probs_diff_mean":0.0424637533724308,"global_seqlen/balanced_min":79221,"_step":23,"actor/ppo_kl":0,"critic/rewards/mean":0.6299804449081421,"timing_s/reward":0.1552664223127067,"timing_per_token_ms/ref":0.01121717331711816,"timing_s/old_log_prob":7.511884760577232,"critic/score/max":1,"global_seqlen/min":78597,"_wandb":{"runtime":1732},"global_seqlen/balanced_max":79221,"response_length/mean":157.7890625,"training/global_step":23,"training/rollout_probs_diff_max":0.9999875426292419,"response_length/max":265,"critic/rewards/min":0.10000000149011612,"perf/time_per_step":55.947018913924694,"perf/throughput":1416.0003792495659,"perf/total_num_tokens":633768,"global_seqlen/max":79999,"actor/kl_loss":0.0014803025405853987,"training/epoch":0,"critic/advantages/min":-2.474865674972534,"actor/entropy_loss":0.9472448229789734,"timing_s/update_actor":21.980551408603787,"timing_s/step":55.947018913924694,"actor/pg_clipfrac":0}