{"timing_per_token_ms/ref":0.011867358028335996,"training/rollout_probs_diff_max":0.981503963470459,"timing_s/reshard":4.143569469451904,"response_length/max":1740,"actor/kl_loss":0.0012328058946877718,"actor/lr":1e-06,"global_seqlen/max":86433,"timing_s/reward":0.1807798151858151,"timing_per_token_ms/adv":4.341759917769745e-05,"critic/rewards/min":0,"_step":3,"perf/time_per_step":65.300227973843,"timing_s/dump_rollout_generations":0.26726874290034175,"perf/throughput":1234.3218775941511,"actor/grad_norm":0.7847530841827393,"timing_per_token_ms/update_actor":0.03438770458221863,"timing_s/gen":27.45302641391754,"global_seqlen/min":77520,"training/rollout_probs_diff_mean":0.04351359233260155,"training/epoch":0,"timing_s/generate_sequences":22.73617172241211,"perf/max_memory_reserved_gb":49.6875,"global_seqlen/balanced_max":81289,"_wandb":{"runtime":247},"critic/returns/min":-2.4748666286468506,"critic/advantages/min":-2.4748666286468506,"prompt_length/mean":459.2421875,"perf/cpu_memory_used_gb":101.5283203125,"training/rollout_probs_diff_std":0.07375793159008026,"critic/score/max":1,"timing_s/ref":7.652214864967391,"critic/advantages/mean":-0.043324802070856094,"global_seqlen/mean":80601.5,"critic/rewards/mean":0.5379883050918579,"_timestamp":1.7530582642717853e+09,"actor/entropy_loss":1.7892481088638306,"critic/returns/max":2.4748659133911133,"critic/score/mean":0.5379883050918579,"critic/rewards/max":1,"response_length/min":40,"response_length/mean":170.45703125,"training/global_step":3,"timing_s/adv":0.027996188960969448,"perf/max_memory_allocated_gb":28.214172840118408,"_runtime":247.63584686,"critic/returns/mean":-0.043324802070856094,"actor/ppo_kl":0,"prompt_length/min":434,"actor/pg_loss":0.006005157949402928,"prompt_length/max":535,"critic/advantages/max":2.4748659133911133,"actor/kl_coef":0.01,"global_seqlen/balanced_min":80442,"critic/score/min":0,"prompt_length/clip_ratio":0,"perf/mfu/actor":0.17463100060784584,"timing_s/old_log_prob":7.503509420203045,"actor/pg_clipfrac":0,"perf/total_num_tokens":644812,"timing_s/step":65.300227973843,"timing_s/update_actor":22.17360456706956,"global_seqlen/minmax_diff":8913,"actor/pg_clipfrac_lower":0,"timing_per_token_ms/gen":0.1572806701532962,"response_length/clip_ratio":0}