{"timing_s/save_checkpoint":30.043609485030174,"actor/kl_coef":0.01,"critic/advantages/mean":-0.13372233510017395,"actor/pg_loss":0.2950478834682144,"global_seqlen/min":92782,"timing_per_token_ms/adv":3.766782667444408e-05,"timing_s/ref":8.544551006983966,"prompt_length/min":434,"response_length/mean":335.0390625,"timing_s/dump_rollout_generations":0.4121557339094579,"timing_s/reward":0.22713240096345544,"prompt_length/clip_ratio":0,"_step":255,"_timestamp":1.7535024679196668e+09,"timing_s/generate_sequences":27.082279205322266,"critic/rewards/max":1,"global_seqlen/minmax_diff":19164,"actor/kl_loss":0.6680493354797363,"perf/cpu_memory_used_gb":142.99933624267578,"perf/time_per_step":78.96283332211897,"timing_s/old_log_prob":8.640768124954775,"_runtime":16068.13109363,"actor/ppo_kl":0,"response_length/min":60,"timing_s/gen":34.14225525804795,"global_seqlen/balanced_max":101508,"actor/pg_clipfrac_lower":0,"global_seqlen/max":111946,"critic/score/max":1,"timing_per_token_ms/update_actor":0.033160985044267594,"training/rollout_probs_diff_max":0.979763388633728,"training/rollout_probs_diff_std":0.04547247663140297,"training/epoch":3,"perf/max_memory_reserved_gb":68.90625,"timing_s/reshard":5.626052379608154,"actor/grad_norm":1.0620828866958618,"perf/mfu/actor":0.18227400174299205,"timing_s/update_actor":26.928842158988118,"critic/score/min":0,"critic/advantages/max":2.4748666286468506,"_wandb":{"runtime":16068},"training/rollout_probs_diff_mean":0.02054273895919323,"critic/rewards/min":0,"prompt_length/max":508,"perf/max_memory_allocated_gb":35.92781639099121,"actor/pg_clipfrac":0,"critic/returns/mean":-0.13372233510017395,"prompt_length/mean":457.9921875,"actor/entropy_loss":4.937103748321533,"critic/advantages/min":-2.4748666286468506,"critic/returns/min":-2.4748666286468506,"perf/throughput":1285.5161818460954,"timing_per_token_ms/gen":0.09951689185626662,"timing_s/adv":0.030588686000555754,"response_length/max":2048,"timing_per_token_ms/ref":0.010522016746197302,"response_length/clip_ratio":0.0498046875,"critic/returns/max":2.4748666286468506,"timing_s/step":78.96283332211897,"perf/total_num_tokens":812064,"critic/score/mean":0.5595703125,"training/global_step":255,"global_seqlen/mean":101508,"global_seqlen/balanced_min":101508,"actor/lr":1e-05,"critic/rewards/mean":0.5595703125}