{"_wandb":{"runtime":4201},"response_length/max":224,"actor/pg_clipfrac_lower":0,"perf/total_num_tokens":314599,"perf/max_memory_allocated_gb":43.3910698890686,"prompt_length/max":516,"global_seqlen/max":79556,"critic/returns/min":-1.4999970197677612,"actor/pg_loss":0.03166586789302528,"timing_s/ref":5.824726673774421,"critic/score/mean":0.6042968034744263,"training/rollout_probs_diff_max":0.9999926090240479,"response_length/min":13,"training/epoch":0,"timing_s/old_log_prob":5.6874573938548565,"actor/kl_loss":0.006676815450191498,"_step":80,"critic/rewards/max":1,"training/global_step":80,"training/rollout_probs_diff_mean":0.04357346519827843,"timing_s/adv":0.011608109809458256,"critic/advantages/min":-1.4999970197677612,"critic/rewards/mean":0.6042968034744263,"global_seqlen/min":77890,"critic/advantages/max":1.4999966621398926,"prompt_length/min":435,"timing_s/gen":18.009256867226213,"response_length/mean":151.943359375,"timing_s/step":85.70156713714823,"critic/advantages/mean":0.0032512068282812834,"global_seqlen/balanced_min":78649,"actor/pg_clipfrac":0,"timing_s/save_checkpoint":37.638662754092366,"perf/cpu_memory_used_gb":100.30232620239258,"timing_s/reward":0.0783994565717876,"_runtime":4201.64317839,"perf/max_memory_reserved_gb":68.234375,"actor/ppo_kl":0,"critic/score/min":0,"prompt_length/mean":462.5078125,"timing_s/update_actor":18.247173943091184,"actor/entropy_loss":0.9892150163650513,"global_seqlen/balanced_max":78650,"timing_s/dump_rollout_generations":0.17856138478964567,"timing_per_token_ms/ref":0.01851476537997394,"global_seqlen/mean":78649.75,"training/rollout_probs_diff_std":0.06797449290752411,"perf/time_per_step":85.70156713714823,"_timestamp":1.75508539547287e+09,"critic/score/max":1,"critic/returns/max":1.4999966621398926,"timing_per_token_ms/gen":0.23149632839162174,"perf/mfu/actor":0.2071652170145134,"perf/throughput":917.716590574555,"timing_per_token_ms/adv":3.689811413722948e-05,"timing_per_token_ms/update_actor":0.058001372995753905,"actor/grad_norm":0.7376542687416077,"timing_s/generate_sequences":14.124759674072266,"global_seqlen/minmax_diff":1666,"prompt_length/clip_ratio":0,"actor/lr":1e-06,"timing_s/reshard":3.4998550415039062,"critic/rewards/min":0,"critic/returns/mean":0.0032512068282812834,"actor/kl_coef":0.01,"response_length/clip_ratio":0}